{"inDebugMode":true,"smoothAmount":0.05000000074505806,"mouseSensitivity":0.10000000149011612,"panSensitivity":0.10000000149011612,"zoomStep":1.0,"defaultzoom":1.0}